year,month,company,city,destination,price,seats,distance
2020,2,AZU,Aracaju,SBAR,1102.9,1,202
2020,2,AZU,Aracaju,SBAR,1213.9,1,202
2020,2,AZU,Aracaju,SBAR,1232.9,2,202
2020,2,AZU,Aracaju,SBAR,1838.9,1,202
2020,2,AZU,Aracaju,SBAR,2051.9,1,202
2020,2,AZU,Aracaju,SBAR,544.9,2,202
2020,2,AZU,Aracaju,SBAR,561.9,1,202
2020,2,AZU,Aracaju,SBAR,583.9,1,202
2020,2,AZU,Aracaju,SBAR,749.9,3,202
2020,2,AZU,Aracaju,SBAR,814.9,1,202
2020,2,AZU,Aracaju,SBAR,833.9,1,202
2020,2,AZU,Aracaju,SBAR,851.9,5,202
2020,2,AZU,Aracaju,SBAR,876.9,1,202
2020,2,AZU,Aracaju,SBAR,941.9,5,202
2020,2,AZU,Aracaju,SBAR,985.9,1,202
2020,2,AZU,Belem,SBBE,1094.9,1,1682
2020,2,AZU,Belem,SBBE,1096.9,2,1682
2020,2,AZU,Belem,SBBE,1105.9,4,1682
2020,2,AZU,Belem,SBBE,1159.9,1,1682
2020,2,AZU,Belem,SBBE,1180.9,3,1682
2020,2,AZU,Belem,SBBE,1183.9,1,1682
2020,2,AZU,Belem,SBBE,1214.9,1,1682
2020,2,AZU,Belem,SBBE,1258.9,1,1682
2020,2,AZU,Belem,SBBE,1333.9,1,1682
2020,2,AZU,Belem,SBBE,1396.9,1,1682
2020,2,AZU,Belem,SBBE,2032.9,1,1682
2020,2,AZU,Belem,SBBE,319.9,4,1682
2020,2,AZU,Belem,SBBE,335.9,13,1682
2020,2,AZU,Belem,SBBE,339.9,1,1682
2020,2,AZU,Belem,SBBE,384.9,4,1682
2020,2,AZU,Belem,SBBE,398.9,7,1682
2020,2,AZU,Belem,SBBE,413.9,4,1682
2020,2,AZU,Belem,SBBE,417.9,6,1682
2020,2,AZU,Belem,SBBE,446.9,3,1682
2020,2,AZU,Belem,SBBE,463.9,2,1682
2020,2,AZU,Belem,SBBE,481.9,1,1682
2020,2,AZU,Belem,SBBE,484.9,1,1682
2020,2,AZU,Belem,SBBE,511.9,1,1682
2020,2,AZU,Belem,SBBE,524.9,7,1682
2020,2,AZU,Belem,SBBE,550.9,2,1682
2020,2,AZU,Belem,SBBE,583.9,3,1682
2020,2,AZU,Belem,SBBE,603.9,4,1682
2020,2,AZU,Belem,SBBE,615.9,2,1682
2020,2,AZU,Belem,SBBE,631.9,4,1682
2020,2,AZU,Belem,SBBE,633.9,1,1682
2020,2,AZU,Belem,SBBE,668.9,1,1682
2020,2,AZU,Belem,SBBE,679.9,2,1682
2020,2,AZU,Belem,SBBE,712.9,2,1682
2020,2,AZU,Belem,SBBE,720.9,1,1682
2020,2,AZU,Belem,SBBE,746.9,1,1682
2020,2,AZU,Belem,SBBE,748.9,1,1682
2020,2,AZU,Belem,SBBE,751.9,4,1682
2020,2,AZU,Belem,SBBE,785.9,1,1682
2020,2,AZU,Belem,SBBE,802.9,2,1682
2020,2,AZU,Belem,SBBE,810.9,2,1682
2020,2,AZU,Belem,SBBE,842.9,1,1682
2020,2,AZU,Belem,SBBE,850.9,3,1682
2020,2,AZU,Belem,SBBE,875.9,1,1682
2020,2,AZU,Belem,SBBE,916.9,3,1682
2020,2,AZU,Boa Vista,SBBV,1034.9,1,3092
2020,2,AZU,Boa Vista,SBBV,1115.9,1,3092
2020,2,AZU,Boa Vista,SBBV,1225.9,1,3092
2020,2,AZU,Boa Vista,SBBV,1735.55,1,3092
2020,2,AZU,Boa Vista,SBBV,640.9,2,3092
2020,2,AZU,Boa Vista,SBBV,704.9,1,3092
2020,2,AZU,Boa Vista,SBBV,914.9,2,3092
2020,2,AZU,Boa Vista,SBBV,979.9,2,3092
2020,2,AZU,Campo Grande,SBCG,1023.9,1,2355
2020,2,AZU,Campo Grande,SBCG,1061.9,2,2355
2020,2,AZU,Campo Grande,SBCG,1082.9,1,2355
2020,2,AZU,Campo Grande,SBCG,1084.9,2,2355
2020,2,AZU,Campo Grande,SBCG,1175.05,5,2355
2020,2,AZU,Campo Grande,SBCG,409.9,4,2355
2020,2,AZU,Campo Grande,SBCG,449.9,2,2355
2020,2,AZU,Campo Grande,SBCG,505.9,2,2355
2020,2,AZU,Campo Grande,SBCG,514.9,2,2355
2020,2,AZU,Campo Grande,SBCG,530.0,1,2355
2020,2,AZU,Campo Grande,SBCG,535.7,5,2355
2020,2,AZU,Campo Grande,SBCG,540.9,1,2355
2020,2,AZU,Campo Grande,SBCG,544.9,1,2355
2020,2,AZU,Campo Grande,SBCG,546.15,1,2355
2020,2,AZU,Campo Grande,SBCG,557.9,2,2355
2020,2,AZU,Campo Grande,SBCG,563.9,1,2355
2020,2,AZU,Campo Grande,SBCG,587.9,2,2355
2020,2,AZU,Campo Grande,SBCG,591.9,1,2355
2020,2,AZU,Campo Grande,SBCG,598.9,1,2355
2020,2,AZU,Campo Grande,SBCG,623.9,4,2355
2020,2,AZU,Campo Grande,SBCG,627.9,5,2355
2020,2,AZU,Campo Grande,SBCG,628.9,1,2355
2020,2,AZU,Campo Grande,SBCG,654.9,1,2355
2020,2,AZU,Campo Grande,SBCG,681.9,3,2355
2020,2,AZU,Campo Grande,SBCG,888.9,1,2355
2020,2,AZU,Campo Grande,SBCG,906.9,1,2355
2020,2,AZU,Campo Grande,SBCG,908.1,1,2355
2020,2,AZU,Campo Grande,SBCG,914.9,1,2355
2020,2,AZU,Campo Grande,SBCG,936.9,1,2355
2020,2,AZU,Cuiaba,SBCY,1032.9,1,2304
2020,2,AZU,Cuiaba,SBCY,1081.9,1,2304
2020,2,AZU,Cuiaba,SBCY,1087.9,3,2304
2020,2,AZU,Cuiaba,SBCY,1152.9,2,2304
2020,2,AZU,Cuiaba,SBCY,1163.65,1,2304
2020,2,AZU,Cuiaba,SBCY,1201.9,3,2304
2020,2,AZU,Cuiaba,SBCY,1310.9,1,2304
2020,2,AZU,Cuiaba,SBCY,1324.9,1,2304
2020,2,AZU,Cuiaba,SBCY,1353.9,4,2304
2020,2,AZU,Cuiaba,SBCY,1374.9,1,2304
2020,2,AZU,Cuiaba,SBCY,1544.9,1,2304
2020,2,AZU,Cuiaba,SBCY,1724.9,1,2304
2020,2,AZU,Cuiaba,SBCY,466.35,1,2304
2020,2,AZU,Cuiaba,SBCY,486.3,1,2304
2020,2,AZU,Cuiaba,SBCY,517.65,2,2304
2020,2,AZU,Cuiaba,SBCY,519.9,2,2304
2020,2,AZU,Cuiaba,SBCY,524.9,9,2304
2020,2,AZU,Cuiaba,SBCY,538.9,1,2304
2020,2,AZU,Cuiaba,SBCY,569.9,1,2304
2020,2,AZU,Cuiaba,SBCY,603.9,2,2304
2020,2,AZU,Cuiaba,SBCY,609.9,1,2304
2020,2,AZU,Cuiaba,SBCY,664.9,1,2304
2020,2,AZU,Cuiaba,SBCY,808.9,1,2304
2020,2,AZU,Cuiaba,SBCY,897.9,4,2304
2020,2,AZU,Cuiaba,SBCY,913.9,1,2304
2020,2,AZU,Cuiaba,SBCY,936.6,2,2304
2020,2,AZU,Cuiaba,SBCY,940.9,1,2304
2020,2,AZU,Cuiaba,SBCY,998.9,1,2304
2020,2,AZU,Fortaleza,SBFZ,1060.9,3,731
2020,2,AZU,Fortaleza,SBFZ,1106.9,2,731
2020,2,AZU,Fortaleza,SBFZ,1181.9,5,731
2020,2,AZU,Fortaleza,SBFZ,1287.9,1,731
2020,2,AZU,Fortaleza,SBFZ,1362.9,2,731
2020,2,AZU,Fortaleza,SBFZ,1529.9,6,731
2020,2,AZU,Fortaleza,SBFZ,1604.9,6,731
2020,2,AZU,Fortaleza,SBFZ,1740.9,1,731
2020,2,AZU,Fortaleza,SBFZ,1771.9,1,731
2020,2,AZU,Fortaleza,SBFZ,1953.9,1,731
2020,2,AZU,Fortaleza,SBFZ,213.65,2,731
2020,2,AZU,Fortaleza,SBFZ,224.9,17,731
2020,2,AZU,Fortaleza,SBFZ,235.9,1,731
2020,2,AZU,Fortaleza,SBFZ,244.05,1,731
2020,2,AZU,Fortaleza,SBFZ,287.9,1,731
2020,2,AZU,Fortaleza,SBFZ,289.9,2,731
2020,2,AZU,Fortaleza,SBFZ,300.9,5,731
2020,2,AZU,Fortaleza,SBFZ,301.9,2,731
2020,2,AZU,Fortaleza,SBFZ,333.9,2,731
2020,2,AZU,Fortaleza,SBFZ,365.9,4,731
2020,2,AZU,Fortaleza,SBFZ,380.9,1,731
2020,2,AZU,Fortaleza,SBFZ,392.9,7,731
2020,2,AZU,Fortaleza,SBFZ,395.9,1,731
2020,2,AZU,Fortaleza,SBFZ,412.9,15,731
2020,2,AZU,Fortaleza,SBFZ,457.9,7,731
2020,2,AZU,Fortaleza,SBFZ,464.9,4,731
2020,2,AZU,Fortaleza,SBFZ,465.9,1,731
2020,2,AZU,Fortaleza,SBFZ,477.9,2,731
2020,2,AZU,Fortaleza,SBFZ,487.9,7,731
2020,2,AZU,Fortaleza,SBFZ,529.9,1,731
2020,2,AZU,Fortaleza,SBFZ,532.9,4,731
2020,2,AZU,Fortaleza,SBFZ,552.9,3,731
2020,2,AZU,Fortaleza,SBFZ,557.9,22,731
2020,2,AZU,Fortaleza,SBFZ,585.9,8,731
2020,2,AZU,Fortaleza,SBFZ,607.9,6,731
2020,2,AZU,Fortaleza,SBFZ,618.35,1,731
2020,2,AZU,Fortaleza,SBFZ,620.9,1,731
2020,2,AZU,Fortaleza,SBFZ,632.9,2,731
2020,2,AZU,Fortaleza,SBFZ,650.9,3,731
2020,2,AZU,Fortaleza,SBFZ,651.9,1,731
2020,2,AZU,Fortaleza,SBFZ,682.9,8,731
2020,2,AZU,Fortaleza,SBFZ,720.0,3,731
2020,2,AZU,Fortaleza,SBFZ,726.9,1,731
2020,2,AZU,Fortaleza,SBFZ,864.9,3,731
2020,2,AZU,Fortaleza,SBFZ,939.9,3,731
2020,2,AZU,Fortaleza,SBFZ,985.9,1,731
2020,2,AZU,Porto Alegre,SBPA,1000.9,1,2778
2020,2,AZU,Porto Alegre,SBPA,1055.29,3,2778
2020,2,AZU,Porto Alegre,SBPA,1206.9,1,2778
2020,2,AZU,Porto Alegre,SBPA,1209.9,2,2778
2020,2,AZU,Porto Alegre,SBPA,1281.9,1,2778
2020,2,AZU,Porto Alegre,SBPA,1340.9,1,2778
2020,2,AZU,Porto Alegre,SBPA,1346.9,3,2778
2020,2,AZU,Porto Alegre,SBPA,1494.9,4,2778
2020,2,AZU,Porto Alegre,SBPA,1575.9,1,2778
2020,2,AZU,Porto Alegre,SBPA,1807.9,1,2778
2020,2,AZU,Porto Alegre,SBPA,547.1,1,2778
2020,2,AZU,Porto Alegre,SBPA,548.9,1,2778
2020,2,AZU,Porto Alegre,SBPA,575.9,1,2778
2020,2,AZU,Porto Alegre,SBPA,581.3,2,2778
2020,2,AZU,Porto Alegre,SBPA,601.9,2,2778
2020,2,AZU,Porto Alegre,SBPA,608.85,1,2778
2020,2,AZU,Porto Alegre,SBPA,613.9,1,2778
2020,2,AZU,Porto Alegre,SBPA,637.9,1,2778
2020,2,AZU,Porto Alegre,SBPA,640.9,1,2778
2020,2,AZU,Porto Alegre,SBPA,646.9,2,2778
2020,2,AZU,Porto Alegre,SBPA,701.9,6,2778
2020,2,AZU,Porto Alegre,SBPA,702.9,1,2778
2020,2,AZU,Porto Alegre,SBPA,713.9,1,2778
2020,2,AZU,Porto Alegre,SBPA,725.0,4,2778
2020,2,AZU,Porto Alegre,SBPA,755.9,1,2778
2020,2,AZU,Porto Alegre,SBPA,778.9,3,2778
2020,2,AZU,Porto Alegre,SBPA,784.9,3,2778
2020,2,AZU,Porto Alegre,SBPA,863.9,1,2778
2020,2,AZU,Porto Alegre,SBPA,864.4,1,2778
2020,2,AZU,Porto Alegre,SBPA,928.9,1,2778
2020,2,AZU,Porto Alegre,SBPA,935.9,3,2778
2020,2,AZU,Porto Alegre,SBPA,971.9,4,2778
2020,2,AZU,Porto Alegre,SBPA,974.9,3,2778
2020,2,AZU,Porto Alegre,SBPA,988.9,2,2778
2020,2,AZU,Recife,SBRF,1084.9,1,203
2020,2,AZU,Recife,SBRF,110.9,1,203
2020,2,AZU,Recife,SBRF,1149.9,1,203
2020,2,AZU,Recife,SBRF,115.9,3,203
2020,2,AZU,Recife,SBRF,117.9,1,203
2020,2,AZU,Recife,SBRF,1204.88,1,203
2020,2,AZU,Recife,SBRF,1204.9,1,203
2020,2,AZU,Recife,SBRF,1234.9,3,203
2020,2,AZU,Recife,SBRF,123.9,3,203
2020,2,AZU,Recife,SBRF,129.9,1,203
2020,2,AZU,Recife,SBRF,1299.9,2,203
2020,2,AZU,Recife,SBRF,136.9,1,203
2020,2,AZU,Recife,SBRF,1384.9,2,203
2020,2,AZU,Recife,SBRF,1384.91,1,203
2020,2,AZU,Recife,SBRF,1403.94,1,203
2020,2,AZU,Recife,SBRF,1499.9,2,203
2020,2,AZU,Recife,SBRF,150.9,4,203
2020,2,AZU,Recife,SBRF,152.9,3,203
2020,2,AZU,Recife,SBRF,156.9,14,203
2020,2,AZU,Recife,SBRF,157.9,2,203
2020,2,AZU,Recife,SBRF,1579.72,1,203
2020,2,AZU,Recife,SBRF,1584.9,2,203
2020,2,AZU,Recife,SBRF,161.9,4,203
2020,2,AZU,Recife,SBRF,1664.9,2,203
2020,2,AZU,Recife,SBRF,170.9,2,203
2020,2,AZU,Recife,SBRF,179.9,3,203
2020,2,AZU,Recife,SBRF,188.9,6,203
2020,2,AZU,Recife,SBRF,201.9,2,203
2020,2,AZU,Recife,SBRF,207.9,8,203
2020,2,AZU,Recife,SBRF,214.9,1,203
2020,2,AZU,Recife,SBRF,221.9,1,203
2020,2,AZU,Recife,SBRF,241.9,1,203
2020,2,AZU,Recife,SBRF,251.9,8,203
2020,2,AZU,Recife,SBRF,263.9,1,203
2020,2,AZU,Recife,SBRF,268.9,1,203
2020,2,AZU,Recife,SBRF,277.9,22,203
2020,2,AZU,Recife,SBRF,287.9,4,203
2020,2,AZU,Recife,SBRF,293.9,1,203
2020,2,AZU,Recife,SBRF,294.9,1,203
2020,2,AZU,Recife,SBRF,301.91,1,203
2020,2,AZU,Recife,SBRF,324.9,1,203
2020,2,AZU,Recife,SBRF,325.9,2,203
2020,2,AZU,Recife,SBRF,331.9,1,203
2020,2,AZU,Recife,SBRF,343.9,4,203
2020,2,AZU,Recife,SBRF,348.9,6,203
2020,2,AZU,Recife,SBRF,357.9,18,203
2020,2,AZU,Recife,SBRF,369.9,2,203
2020,2,AZU,Recife,SBRF,373.9,1,203
2020,2,AZU,Recife,SBRF,389.9,2,203
2020,2,AZU,Recife,SBRF,409.9,3,203
2020,2,AZU,Recife,SBRF,431.63,2,203
2020,2,AZU,Recife,SBRF,433.9,4,203
2020,2,AZU,Recife,SBRF,436.29,1,203
2020,2,AZU,Recife,SBRF,437.9,1,203
2020,2,AZU,Recife,SBRF,446.9,4,203
2020,2,AZU,Recife,SBRF,450.9,17,203
2020,2,AZU,Recife,SBRF,471.9,1,203
2020,2,AZU,Recife,SBRF,475.9,1,203
2020,2,AZU,Recife,SBRF,494.9,1,203
2020,2,AZU,Recife,SBRF,499.9,1,203
2020,2,AZU,Recife,SBRF,513.9,2,203
2020,2,AZU,Recife,SBRF,524.9,5,203
2020,2,AZU,Recife,SBRF,531.9,1,203
2020,2,AZU,Recife,SBRF,535.88,1,203
2020,2,AZU,Recife,SBRF,535.9,4,203
2020,2,AZU,Recife,SBRF,535.91,2,203
2020,2,AZU,Recife,SBRF,549.9,2,203
2020,2,AZU,Recife,SBRF,577.9,4,203
2020,2,AZU,Recife,SBRF,584.9,3,203
2020,2,AZU,Recife,SBRF,662.89,1,203
2020,2,AZU,Recife,SBRF,662.9,1,203
2020,2,AZU,Recife,SBRF,67.9,6,203
2020,2,AZU,Recife,SBRF,67.91,1,203
2020,2,AZU,Recife,SBRF,68.8,7,203
2020,2,AZU,Recife,SBRF,68.9,4,203
2020,2,AZU,Recife,SBRF,699.9,1,203
2020,2,AZU,Recife,SBRF,70.9,4,203
2020,2,AZU,Recife,SBRF,71.9,4,203
2020,2,AZU,Recife,SBRF,759.9,9,203
2020,2,AZU,Recife,SBRF,76.9,1,203
2020,2,AZU,Recife,SBRF,779.9,3,203
2020,2,AZU,Recife,SBRF,83.88,2,203
2020,2,AZU,Recife,SBRF,83.9,2,203
2020,2,AZU,Recife,SBRF,844.9,7,203
2020,2,AZU,Recife,SBRF,849.9,5,203
2020,2,AZU,Recife,SBRF,864.9,2,203
2020,2,AZU,Recife,SBRF,92.9,2,203
2020,2,AZU,Recife,SBRF,934.9,4,203
2020,2,AZU,Recife,SBRF,95.9,5,203
2020,2,AZU,Recife,SBRF,999.9,1,203
2020,2,AZU,Sao Paulo,SBSP,1024.9,2,1933
2020,2,AZU,Sao Paulo,SBSP,1218.9,1,1933
2020,2,AZU,Salvador,SBSV,1004.9,4,476
2020,2,AZU,Salvador,SBSV,1025.9,8,476
2020,2,AZU,Salvador,SBSV,1054.9,1,476
2020,2,AZU,Salvador,SBSV,1055.9,11,476
2020,2,AZU,Salvador,SBSV,1105.9,4,476
2020,2,AZU,Salvador,SBSV,1129.9,1,476
2020,2,AZU,Salvador,SBSV,1130.9,3,476
2020,2,AZU,Salvador,SBSV,1180.9,4,476
2020,2,AZU,Salvador,SBSV,1199.9,1,476
2020,2,AZU,Salvador,SBSV,1209.9,3,476
2020,2,AZU,Salvador,SBSV,1259.9,7,476
2020,2,AZU,Salvador,SBSV,1284.9,1,476
2020,2,AZU,Salvador,SBSV,1409.9,3,476
2020,2,AZU,Salvador,SBSV,1499.9,1,476
2020,2,AZU,Salvador,SBSV,1509.9,4,476
2020,2,AZU,Salvador,SBSV,1574.9,1,476
2020,2,AZU,Salvador,SBSV,1634.9,2,476
2020,2,AZU,Salvador,SBSV,165.9,32,476
2020,2,AZU,Salvador,SBSV,175.9,19,476
2020,2,AZU,Salvador,SBSV,177.9,25,476
2020,2,AZU,Salvador,SBSV,186.9,18,476
2020,2,AZU,Salvador,SBSV,187.9,12,476
2020,2,AZU,Salvador,SBSV,1899.9,1,476
2020,2,AZU,Salvador,SBSV,1974.9,1,476
2020,2,AZU,Salvador,SBSV,1999.9,3,476
2020,2,AZU,Salvador,SBSV,2074.9,2,476
2020,2,AZU,Salvador,SBSV,207.9,65,476
2020,2,AZU,Salvador,SBSV,208.9,12,476
2020,2,AZU,Salvador,SBSV,230.88,2,476
2020,2,AZU,Salvador,SBSV,230.9,11,476
2020,2,AZU,Salvador,SBSV,238.9,8,476
2020,2,AZU,Salvador,SBSV,240.9,4,476
2020,2,AZU,Salvador,SBSV,242.9,2,476
2020,2,AZU,Salvador,SBSV,250.9,5,476
2020,2,AZU,Salvador,SBSV,257.9,2,476
2020,2,AZU,Salvador,SBSV,261.9,2,476
2020,2,AZU,Salvador,SBSV,262.9,23,476
2020,2,AZU,Salvador,SBSV,280.9,1,476
2020,2,AZU,Salvador,SBSV,285.9,6,476
2020,2,AZU,Salvador,SBSV,285.91,1,476
2020,2,AZU,Salvador,SBSV,287.9,9,476
2020,2,AZU,Salvador,SBSV,289.9,5,476
2020,2,AZU,Salvador,SBSV,303.9,1,476
2020,2,AZU,Salvador,SBSV,306.9,5,476
2020,2,AZU,Salvador,SBSV,322.9,3,476
2020,2,AZU,Salvador,SBSV,323.9,1,476
2020,2,AZU,Salvador,SBSV,339.9,9,476
2020,2,AZU,Salvador,SBSV,357.9,20,476
2020,2,AZU,Salvador,SBSV,362.9,1,476
2020,2,AZU,Salvador,SBSV,371.9,3,476
2020,2,AZU,Salvador,SBSV,375.9,60,476
2020,2,AZU,Salvador,SBSV,389.9,18,476
2020,2,AZU,Salvador,SBSV,390.9,5,476
2020,2,AZU,Salvador,SBSV,394.9,3,476
2020,2,AZU,Salvador,SBSV,412.9,7,476
2020,2,AZU,Salvador,SBSV,413.9,3,476
2020,2,AZU,Salvador,SBSV,425.9,4,476
2020,2,AZU,Salvador,SBSV,430.9,17,476
2020,2,AZU,Salvador,SBSV,432.29,2,476
2020,2,AZU,Salvador,SBSV,436.9,1,476
2020,2,AZU,Salvador,SBSV,437.9,1,476
2020,2,AZU,Salvador,SBSV,454.9,7,476
2020,2,AZU,Salvador,SBSV,455.9,1,476
2020,2,AZU,Salvador,SBSV,458.9,4,476
2020,2,AZU,Salvador,SBSV,469.9,2,476
2020,2,AZU,Salvador,SBSV,493.9,1,476
2020,2,AZU,Salvador,SBSV,499.53,1,476
2020,2,AZU,Salvador,SBSV,508.9,2,476
2020,2,AZU,Salvador,SBSV,509.9,14,476
2020,2,AZU,Salvador,SBSV,523.9,7,476
2020,2,AZU,Salvador,SBSV,534.9,3,476
2020,2,AZU,Salvador,SBSV,549.9,2,476
2020,2,AZU,Salvador,SBSV,558.9,2,476
2020,2,AZU,Salvador,SBSV,559.9,9,476
2020,2,AZU,Salvador,SBSV,573.9,2,476
2020,2,AZU,Salvador,SBSV,574.9,4,476
2020,2,AZU,Salvador,SBSV,576.9,2,476
2020,2,AZU,Salvador,SBSV,579.9,6,476
2020,2,AZU,Salvador,SBSV,592.39,1,476
2020,2,AZU,Salvador,SBSV,599.9,1,476
2020,2,AZU,Salvador,SBSV,612.9,8,476
2020,2,AZU,Salvador,SBSV,613.37,1,476
2020,2,AZU,Salvador,SBSV,616.9,1,476
2020,2,AZU,Salvador,SBSV,630.9,5,476
2020,2,AZU,Salvador,SBSV,641.9,1,476
2020,2,AZU,Salvador,SBSV,643.9,12,476
2020,2,AZU,Salvador,SBSV,644.9,5,476
2020,2,AZU,Salvador,SBSV,660.9,1,476
2020,2,AZU,Salvador,SBSV,665.9,6,476
2020,2,AZU,Salvador,SBSV,666.9,3,476
2020,2,AZU,Salvador,SBSV,677.9,3,476
2020,2,AZU,Salvador,SBSV,693.9,4,476
2020,2,AZU,Salvador,SBSV,694.9,4,476
2020,2,AZU,Salvador,SBSV,695.9,1,476
2020,2,AZU,Salvador,SBSV,697.9,6,476
2020,2,AZU,Salvador,SBSV,698.9,4,476
2020,2,AZU,Salvador,SBSV,698.92,1,476
2020,2,AZU,Salvador,SBSV,699.9,2,476
2020,2,AZU,Salvador,SBSV,708.9,6,476
2020,2,AZU,Salvador,SBSV,730.9,1,476
2020,2,AZU,Salvador,SBSV,738.9,2,476
2020,2,AZU,Salvador,SBSV,739.9,1,476
2020,2,AZU,Salvador,SBSV,749.9,1,476
2020,2,AZU,Salvador,SBSV,763.9,1,476
2020,2,AZU,Salvador,SBSV,769.9,1,476
2020,2,AZU,Salvador,SBSV,772.9,1,476
2020,2,AZU,Salvador,SBSV,776.9,6,476
2020,2,AZU,Salvador,SBSV,779.9,5,476
2020,2,AZU,Salvador,SBSV,780.9,1,476
2020,2,AZU,Salvador,SBSV,789.9,4,476
2020,2,AZU,Salvador,SBSV,808.9,3,476
2020,2,AZU,Salvador,SBSV,813.9,1,476
2020,2,AZU,Salvador,SBSV,819.9,9,476
2020,2,AZU,Salvador,SBSV,826.9,8,476
2020,2,AZU,Salvador,SBSV,856.9,3,476
2020,2,AZU,Salvador,SBSV,860.9,3,476
2020,2,AZU,Salvador,SBSV,883.9,2,476
2020,2,AZU,Salvador,SBSV,891.9,1,476
2020,2,AZU,Salvador,SBSV,903.9,11,476
2020,2,AZU,Salvador,SBSV,904.9,3,476
2020,2,AZU,Salvador,SBSV,910.9,3,476
2020,2,AZU,Salvador,SBSV,916.9,1,476
2020,2,AZU,Salvador,SBSV,920.83,1,476
2020,2,AZU,Salvador,SBSV,924.51,1,476
2020,2,AZU,Salvador,SBSV,931.9,4,476
2020,2,AZU,Salvador,SBSV,950.9,9,476
2020,2,AZU,Salvador,SBSV,954.9,2,476
2020,2,AZU,Salvador,SBSV,978.9,2,476
2020,2,AZU,Vitoria,SBVT,1023.9,1,1282
2020,2,AZU,Vitoria,SBVT,1084.9,2,1282
2020,2,AZU,Vitoria,SBVT,1292.9,1,1282
2020,2,AZU,Vitoria,SBVT,1367.9,1,1282
2020,2,AZU,Vitoria,SBVT,1614.9,1,1282
2020,2,AZU,Vitoria,SBVT,348.55,4,1282
2020,2,AZU,Vitoria,SBVT,366.9,1,1282
2020,2,AZU,Vitoria,SBVT,449.25,2,1282
2020,2,AZU,Vitoria,SBVT,509.1,1,1282
2020,2,AZU,Vitoria,SBVT,726.9,1,1282
2020,2,AZU,Vitoria,SBVT,770.9,2,1282
2020,2,AZU,Vitoria,SBVT,791.9,1,1282
2020,2,AZU,Vitoria,SBVT,971.9,1,1282
2020,2,AZU,Vitoria,SBVT,991.9,1,1282
2020,2,GLO,Belem,SBBE,1055.9,3,1682
2020,2,GLO,Belem,SBBE,1335.9,1,1682
2020,2,GLO,Belem,SBBE,539.9,4,1682
2020,2,GLO,Belem,SBBE,656.9,5,1682
2020,2,GLO,Belem,SBBE,726.9,2,1682
2020,2,GLO,Belem,SBBE,764.9,3,1682
2020,2,GLO,Belem,SBBE,834.9,2,1682
2020,2,GLO,Boa Vista,SBBV,1408.9,1,3092
2020,2,GLO,Boa Vista,SBBV,1559.9,1,3092
2020,2,GLO,Boa Vista,SBBV,1810.9,1,3092
2020,2,GLO,Boa Vista,SBBV,640.9,3,3092
2020,2,GLO,Boa Vista,SBBV,706.9,1,3092
2020,2,GLO,Boa Vista,SBBV,940.9,2,3092
2020,2,GLO,Campo Grande,SBCG,1004.9,4,2355
2020,2,GLO,Campo Grande,SBCG,1074.9,1,2355
2020,2,GLO,Campo Grande,SBCG,1210.9,3,2355
2020,2,GLO,Campo Grande,SBCG,1232.9,2,2355
2020,2,GLO,Campo Grande,SBCG,1293.9,1,2355
2020,2,GLO,Campo Grande,SBCG,1639.9,1,2355
2020,2,GLO,Campo Grande,SBCG,1641.9,1,2355
2020,2,GLO,Campo Grande,SBCG,1661.9,1,2355
2020,2,GLO,Campo Grande,SBCG,166.95,1,2355
2020,2,GLO,Campo Grande,SBCG,1839.9,1,2355
2020,2,GLO,Campo Grande,SBCG,429.9,2,2355
2020,2,GLO,Campo Grande,SBCG,449.9,37,2355
2020,2,GLO,Campo Grande,SBCG,484.9,1,2355
2020,2,GLO,Campo Grande,SBCG,501.9,7,2355
2020,2,GLO,Campo Grande,SBCG,513.9,22,2355
2020,2,GLO,Campo Grande,SBCG,517.9,2,2355
2020,2,GLO,Campo Grande,SBCG,519.9,2,2355
2020,2,GLO,Campo Grande,SBCG,562.9,5,2355
2020,2,GLO,Campo Grande,SBCG,565.9,1,2355
2020,2,GLO,Campo Grande,SBCG,572.9,7,2355
2020,2,GLO,Campo Grande,SBCG,585.9,12,2355
2020,2,GLO,Campo Grande,SBCG,636.9,5,2355
2020,2,GLO,Campo Grande,SBCG,642.9,3,2355
2020,2,GLO,Campo Grande,SBCG,649.9,5,2355
2020,2,GLO,Campo Grande,SBCG,685.9,2,2355
2020,2,GLO,Campo Grande,SBCG,689.9,2,2355
2020,2,GLO,Campo Grande,SBCG,738.9,14,2355
2020,2,GLO,Campo Grande,SBCG,755.9,1,2355
2020,2,GLO,Campo Grande,SBCG,777.9,7,2355
2020,2,GLO,Campo Grande,SBCG,792.9,2,2355
2020,2,GLO,Campo Grande,SBCG,847.9,2,2355
2020,2,GLO,Campo Grande,SBCG,858.9,1,2355
2020,2,GLO,Campo Grande,SBCG,951.9,6,2355
2020,2,GLO,Campo Grande,SBCG,974.9,1,2355
2020,2,GLO,Cuiaba,SBCY,1031.9,2,2304
2020,2,GLO,Cuiaba,SBCY,1091.9,1,2304
2020,2,GLO,Cuiaba,SBCY,1093.9,1,2304
2020,2,GLO,Cuiaba,SBCY,1139.9,1,2304
2020,2,GLO,Cuiaba,SBCY,1362.9,1,2304
2020,2,GLO,Cuiaba,SBCY,1368.9,3,2304
2020,2,GLO,Cuiaba,SBCY,1388.9,1,2304
2020,2,GLO,Cuiaba,SBCY,1466.9,1,2304
2020,2,GLO,Cuiaba,SBCY,1471.9,1,2304
2020,2,GLO,Cuiaba,SBCY,1558.9,1,2304
2020,2,GLO,Cuiaba,SBCY,163.9,6,2304
2020,2,GLO,Cuiaba,SBCY,550.0,113,2304
2020,2,GLO,Cuiaba,SBCY,614.9,43,2304
2020,2,GLO,Cuiaba,SBCY,620.9,3,2304
2020,2,GLO,Cuiaba,SBCY,673.9,18,2304
2020,2,GLO,Cuiaba,SBCY,704.9,4,2304
2020,2,GLO,Cuiaba,SBCY,739.9,7,2304
2020,2,GLO,Cuiaba,SBCY,829.9,2,2304
2020,2,GLO,Cuiaba,SBCY,855.9,4,2304
2020,2,GLO,Cuiaba,SBCY,896.9,1,2304
2020,2,GLO,Cuiaba,SBCY,963.9,8,2304
2020,2,GLO,Cuiaba,SBCY,971.9,2,2304
2020,2,GLO,Cuiaba,SBCY,982.9,5,2304
2020,2,GLO,Fortaleza,SBFZ,1010.9,1,731
2020,2,GLO,Fortaleza,SBFZ,1196.9,2,731
2020,2,GLO,Fortaleza,SBFZ,1227.9,1,731
2020,2,GLO,Fortaleza,SBFZ,1240.9,1,731
2020,2,GLO,Fortaleza,SBFZ,1261.9,1,731
2020,2,GLO,Fortaleza,SBFZ,1383.9,2,731
2020,2,GLO,Fortaleza,SBFZ,1448.9,1,731
2020,2,GLO,Fortaleza,SBFZ,392.9,1,731
2020,2,GLO,Fortaleza,SBFZ,429.9,11,731
2020,2,GLO,Fortaleza,SBFZ,494.9,3,731
2020,2,GLO,Fortaleza,SBFZ,878.9,1,731
2020,2,GLO,Porto Alegre,SBPA,1021.9,9,2778
2020,2,GLO,Porto Alegre,SBPA,1032.9,6,2778
2020,2,GLO,Porto Alegre,SBPA,1082.9,2,2778
2020,2,GLO,Porto Alegre,SBPA,1089.9,2,2778
2020,2,GLO,Porto Alegre,SBPA,1091.9,1,2778
2020,2,GLO,Porto Alegre,SBPA,1102.9,1,2778
2020,2,GLO,Porto Alegre,SBPA,1191.9,1,2778
2020,2,GLO,Porto Alegre,SBPA,1232.9,1,2778
2020,2,GLO,Porto Alegre,SBPA,1252.9,4,2778
2020,2,GLO,Porto Alegre,SBPA,1259.9,1,2778
2020,2,GLO,Porto Alegre,SBPA,1270.9,1,2778
2020,2,GLO,Porto Alegre,SBPA,1325.9,9,2778
2020,2,GLO,Porto Alegre,SBPA,1343.9,1,2778
2020,2,GLO,Porto Alegre,SBPA,1575.9,3,2778
2020,2,GLO,Porto Alegre,SBPA,163.9,13,2778
2020,2,GLO,Porto Alegre,SBPA,1699.9,2,2778
2020,2,GLO,Porto Alegre,SBPA,173.9,1,2778
2020,2,GLO,Porto Alegre,SBPA,1864.9,1,2778
2020,2,GLO,Porto Alegre,SBPA,463.9,19,2778
2020,2,GLO,Porto Alegre,SBPA,468.9,147,2778
2020,2,GLO,Porto Alegre,SBPA,472.9,1,2778
2020,2,GLO,Porto Alegre,SBPA,480.9,1,2778
2020,2,GLO,Porto Alegre,SBPA,516.9,13,2778
2020,2,GLO,Porto Alegre,SBPA,522.9,4,2778
2020,2,GLO,Porto Alegre,SBPA,527.9,11,2778
2020,2,GLO,Porto Alegre,SBPA,528.9,18,2778
2020,2,GLO,Porto Alegre,SBPA,532.9,64,2778
2020,2,GLO,Porto Alegre,SBPA,533.9,5,2778
2020,2,GLO,Porto Alegre,SBPA,536.78,3,2778
2020,2,GLO,Porto Alegre,SBPA,543.9,1,2778
2020,2,GLO,Porto Alegre,SBPA,575.9,3,2778
2020,2,GLO,Porto Alegre,SBPA,580.9,2,2778
2020,2,GLO,Porto Alegre,SBPA,581.9,78,2778
2020,2,GLO,Porto Alegre,SBPA,592.9,18,2778
2020,2,GLO,Porto Alegre,SBPA,596.9,5,2778
2020,2,GLO,Porto Alegre,SBPA,600.9,17,2778
2020,2,GLO,Porto Alegre,SBPA,616.9,2,2778
2020,2,GLO,Porto Alegre,SBPA,617.9,2,2778
2020,2,GLO,Porto Alegre,SBPA,630.9,16,2778
2020,2,GLO,Porto Alegre,SBPA,638.9,2,2778
2020,2,GLO,Porto Alegre,SBPA,639.9,4,2778
2020,2,GLO,Porto Alegre,SBPA,645.9,25,2778
2020,2,GLO,Porto Alegre,SBPA,647.9,3,2778
2020,2,GLO,Porto Alegre,SBPA,661.9,50,2778
2020,2,GLO,Porto Alegre,SBPA,677.9,2,2778
2020,2,GLO,Porto Alegre,SBPA,696.9,1,2778
2020,2,GLO,Porto Alegre,SBPA,710.9,3,2778
2020,2,GLO,Porto Alegre,SBPA,724.9,16,2778
2020,2,GLO,Porto Alegre,SBPA,727.9,3,2778
2020,2,GLO,Porto Alegre,SBPA,732.9,4,2778
2020,2,GLO,Porto Alegre,SBPA,735.9,1,2778
2020,2,GLO,Porto Alegre,SBPA,779.9,2,2778
2020,2,GLO,Porto Alegre,SBPA,790.9,16,2778
2020,2,GLO,Porto Alegre,SBPA,798.9,3,2778
2020,2,GLO,Porto Alegre,SBPA,799.9,2,2778
2020,2,GLO,Porto Alegre,SBPA,810.9,6,2778
2020,2,GLO,Porto Alegre,SBPA,811.9,2,2778
2020,2,GLO,Porto Alegre,SBPA,817.9,3,2778
2020,2,GLO,Porto Alegre,SBPA,820.9,5,2778
2020,2,GLO,Porto Alegre,SBPA,865.9,1,2778
2020,2,GLO,Porto Alegre,SBPA,878.9,8,2778
2020,2,GLO,Porto Alegre,SBPA,879.9,2,2778
2020,2,GLO,Porto Alegre,SBPA,880.9,2,2778
2020,2,GLO,Porto Alegre,SBPA,888.9,3,2778
2020,2,GLO,Porto Alegre,SBPA,908.9,6,2778
2020,2,GLO,Porto Alegre,SBPA,918.9,10,2778
2020,2,GLO,Porto Alegre,SBPA,926.9,1,2778
2020,2,GLO,Porto Alegre,SBPA,976.9,3,2778
2020,2,GLO,Porto Alegre,SBPA,983.88,2,2778
2020,2,GLO,Porto Alegre,SBPA,986.9,6,2778
2020,2,GLO,Sao Paulo,SBSP,1013.9,11,1933
2020,2,GLO,Sao Paulo,SBSP,1028.9,12,1933
2020,2,GLO,Sao Paulo,SBSP,1035.9,2,1933
2020,2,GLO,Sao Paulo,SBSP,1078.9,5,1933
2020,2,GLO,Sao Paulo,SBSP,1083.9,2,1933
2020,2,GLO,Sao Paulo,SBSP,1099.9,5,1933
2020,2,GLO,Sao Paulo,SBSP,1113.9,4,1933
2020,2,GLO,Sao Paulo,SBSP,1128.9,6,1933
2020,2,GLO,Sao Paulo,SBSP,1129.9,2,1933
2020,2,GLO,Sao Paulo,SBSP,113.9,11,1933
2020,2,GLO,Sao Paulo,SBSP,1148.9,2,1933
2020,2,GLO,Sao Paulo,SBSP,1169.9,1,1933
2020,2,GLO,Sao Paulo,SBSP,1185.9,2,1933
2020,2,GLO,Sao Paulo,SBSP,1199.9,7,1933
2020,2,GLO,Sao Paulo,SBSP,1204.9,1,1933
2020,2,GLO,Sao Paulo,SBSP,123.9,2,1933
2020,2,GLO,Sao Paulo,SBSP,1239.9,4,1933
2020,2,GLO,Sao Paulo,SBSP,1264.9,2,1933
2020,2,GLO,Sao Paulo,SBSP,1282.9,1,1933
2020,2,GLO,Sao Paulo,SBSP,1293.9,7,1933
2020,2,GLO,Sao Paulo,SBSP,1312.9,3,1933
2020,2,GLO,Sao Paulo,SBSP,1337.9,2,1933
2020,2,GLO,Sao Paulo,SBSP,1355.9,3,1933
2020,2,GLO,Sao Paulo,SBSP,1366.9,1,1933
2020,2,GLO,Sao Paulo,SBSP,1373.9,1,1933
2020,2,GLO,Sao Paulo,SBSP,1404.9,1,1933
2020,2,GLO,Sao Paulo,SBSP,1416.9,4,1933
2020,2,GLO,Sao Paulo,SBSP,1424.9,1,1933
2020,2,GLO,Sao Paulo,SBSP,1442.9,1,1933
2020,2,GLO,Sao Paulo,SBSP,1450.9,1,1933
2020,2,GLO,Sao Paulo,SBSP,1466.9,2,1933
2020,2,GLO,Sao Paulo,SBSP,1493.9,4,1933
2020,2,GLO,Sao Paulo,SBSP,1542.9,1,1933
2020,2,GLO,Sao Paulo,SBSP,1544.9,2,1933
2020,2,GLO,Sao Paulo,SBSP,1573.9,4,1933
2020,2,GLO,Sao Paulo,SBSP,1619.9,3,1933
2020,2,GLO,Sao Paulo,SBSP,1620.9,1,1933
2020,2,GLO,Sao Paulo,SBSP,1637.9,2,1933
2020,2,GLO,Sao Paulo,SBSP,1638.9,1,1933
2020,2,GLO,Sao Paulo,SBSP,163.9,23,1933
2020,2,GLO,Sao Paulo,SBSP,1649.9,4,1933
2020,2,GLO,Sao Paulo,SBSP,1682.9,1,1933
2020,2,GLO,Sao Paulo,SBSP,1716.9,1,1933
2020,2,GLO,Sao Paulo,SBSP,1717.9,1,1933
2020,2,GLO,Sao Paulo,SBSP,1736.9,1,1933
2020,2,GLO,Sao Paulo,SBSP,173.9,1,1933
2020,2,GLO,Sao Paulo,SBSP,1799.9,8,1933
2020,2,GLO,Sao Paulo,SBSP,183.9,4,1933
2020,2,GLO,Sao Paulo,SBSP,1878.9,4,1933
2020,2,GLO,Sao Paulo,SBSP,199.0,20,1933
2020,2,GLO,Sao Paulo,SBSP,1999.9,1,1933
2020,2,GLO,Sao Paulo,SBSP,209.0,15,1933
2020,2,GLO,Sao Paulo,SBSP,229.0,3,1933
2020,2,GLO,Sao Paulo,SBSP,233.9,2,1933
2020,2,GLO,Sao Paulo,SBSP,242.9,14,1933
2020,2,GLO,Sao Paulo,SBSP,244.9,3,1933
2020,2,GLO,Sao Paulo,SBSP,258.9,2,1933
2020,2,GLO,Sao Paulo,SBSP,271.0,18,1933
2020,2,GLO,Sao Paulo,SBSP,274.9,5,1933
2020,2,GLO,Sao Paulo,SBSP,278.9,11,1933
2020,2,GLO,Sao Paulo,SBSP,291.0,2,1933
2020,2,GLO,Sao Paulo,SBSP,304.9,4,1933
2020,2,GLO,Sao Paulo,SBSP,309.9,7,1933
2020,2,GLO,Sao Paulo,SBSP,311.9,4,1933
2020,2,GLO,Sao Paulo,SBSP,315.9,74,1933
2020,2,GLO,Sao Paulo,SBSP,325.9,133,1933
2020,2,GLO,Sao Paulo,SBSP,340.9,1,1933
2020,2,GLO,Sao Paulo,SBSP,347.9,8,1933
2020,2,GLO,Sao Paulo,SBSP,348.9,7,1933
2020,2,GLO,Sao Paulo,SBSP,358.9,7,1933
2020,2,GLO,Sao Paulo,SBSP,359.9,1,1933
2020,2,GLO,Sao Paulo,SBSP,361.9,27,1933
2020,2,GLO,Sao Paulo,SBSP,367.9,6,1933
2020,2,GLO,Sao Paulo,SBSP,368.0,1,1933
2020,2,GLO,Sao Paulo,SBSP,371.0,1,1933
2020,2,GLO,Sao Paulo,SBSP,374.9,5,1933
2020,2,GLO,Sao Paulo,SBSP,376.9,1,1933
2020,2,GLO,Sao Paulo,SBSP,377.9,14,1933
2020,2,GLO,Sao Paulo,SBSP,384.9,2,1933
2020,2,GLO,Sao Paulo,SBSP,387.9,60,1933
2020,2,GLO,Sao Paulo,SBSP,389.9,39,1933
2020,2,GLO,Sao Paulo,SBSP,390.9,1,1933
2020,2,GLO,Sao Paulo,SBSP,395.9,37,1933
2020,2,GLO,Sao Paulo,SBSP,404.9,2,1933
2020,2,GLO,Sao Paulo,SBSP,409.9,2,1933
2020,2,GLO,Sao Paulo,SBSP,419.9,2,1933
2020,2,GLO,Sao Paulo,SBSP,421.9,5,1933
2020,2,GLO,Sao Paulo,SBSP,423.9,11,1933
2020,2,GLO,Sao Paulo,SBSP,426.9,1,1933
2020,2,GLO,Sao Paulo,SBSP,429.9,3,1933
2020,2,GLO,Sao Paulo,SBSP,430.9,6,1933
2020,2,GLO,Sao Paulo,SBSP,436.9,1,1933
2020,2,GLO,Sao Paulo,SBSP,438.9,4,1933
2020,2,GLO,Sao Paulo,SBSP,446.9,2,1933
2020,2,GLO,Sao Paulo,SBSP,451.9,27,1933
2020,2,GLO,Sao Paulo,SBSP,457.9,3,1933
2020,2,GLO,Sao Paulo,SBSP,460.9,3,1933
2020,2,GLO,Sao Paulo,SBSP,464.9,81,1933
2020,2,GLO,Sao Paulo,SBSP,467.9,2,1933
2020,2,GLO,Sao Paulo,SBSP,475.9,3,1933
2020,2,GLO,Sao Paulo,SBSP,477.9,57,1933
2020,2,GLO,Sao Paulo,SBSP,481.9,25,1933
2020,2,GLO,Sao Paulo,SBSP,494.9,1,1933
2020,2,GLO,Sao Paulo,SBSP,502.9,1,1933
2020,2,GLO,Sao Paulo,SBSP,508.9,2,1933
2020,2,GLO,Sao Paulo,SBSP,515.9,25,1933
2020,2,GLO,Sao Paulo,SBSP,527.9,6,1933
2020,2,GLO,Sao Paulo,SBSP,528.9,18,1933
2020,2,GLO,Sao Paulo,SBSP,539.9,49,1933
2020,2,GLO,Sao Paulo,SBSP,541.9,34,1933
2020,2,GLO,Sao Paulo,SBSP,542.9,1,1933
2020,2,GLO,Sao Paulo,SBSP,545.9,5,1933
2020,2,GLO,Sao Paulo,SBSP,567.9,2,1933
2020,2,GLO,Sao Paulo,SBSP,579.9,10,1933
2020,2,GLO,Sao Paulo,SBSP,585.9,1,1933
2020,2,GLO,Sao Paulo,SBSP,591.88,1,1933
2020,2,GLO,Sao Paulo,SBSP,591.9,13,1933
2020,2,GLO,Sao Paulo,SBSP,596.9,21,1933
2020,2,GLO,Sao Paulo,SBSP,603.9,17,1933
2020,2,GLO,Sao Paulo,SBSP,632.9,2,1933
2020,2,GLO,Sao Paulo,SBSP,636.9,1,1933
2020,2,GLO,Sao Paulo,SBSP,655.9,2,1933
2020,2,GLO,Sao Paulo,SBSP,656.9,2,1933
2020,2,GLO,Sao Paulo,SBSP,660.9,10,1933
2020,2,GLO,Sao Paulo,SBSP,661.9,2,1933
2020,2,GLO,Sao Paulo,SBSP,664.9,1,1933
2020,2,GLO,Sao Paulo,SBSP,667.9,42,1933
2020,2,GLO,Sao Paulo,SBSP,669.9,2,1933
2020,2,GLO,Sao Paulo,SBSP,672.9,20,1933
2020,2,GLO,Sao Paulo,SBSP,693.9,2,1933
2020,2,GLO,Sao Paulo,SBSP,700.9,16,1933
2020,2,GLO,Sao Paulo,SBSP,733.9,21,1933
2020,2,GLO,Sao Paulo,SBSP,738.9,10,1933
2020,2,GLO,Sao Paulo,SBSP,750.9,1,1933
2020,2,GLO,Sao Paulo,SBSP,759.9,2,1933
2020,2,GLO,Sao Paulo,SBSP,766.9,9,1933
2020,2,GLO,Sao Paulo,SBSP,772.9,3,1933
2020,2,GLO,Sao Paulo,SBSP,777.9,5,1933
2020,2,GLO,Sao Paulo,SBSP,818.9,19,1933
2020,2,GLO,Sao Paulo,SBSP,822.9,6,1933
2020,2,GLO,Sao Paulo,SBSP,823.88,2,1933
2020,2,GLO,Sao Paulo,SBSP,823.9,4,1933
2020,2,GLO,Sao Paulo,SBSP,838.9,2,1933
2020,2,GLO,Sao Paulo,SBSP,843.9,1,1933
2020,2,GLO,Sao Paulo,SBSP,856.9,2,1933
2020,2,GLO,Sao Paulo,SBSP,881.9,9,1933
2020,2,GLO,Sao Paulo,SBSP,885.9,1,1933
2020,2,GLO,Sao Paulo,SBSP,886.9,6,1933
2020,2,GLO,Sao Paulo,SBSP,945.9,14,1933
2020,2,GLO,Sao Paulo,SBSP,960.9,12,1933
2020,2,GLO,Sao Paulo,SBSP,981.9,3,1933
2020,2,GLO,Sao Paulo,SBSP,985.9,1,1933
2020,2,GLO,Salvador,SBSV,1878.9,1,476
2020,2,GLO,Salvador,SBSV,458.9,13,476
2020,2,GLO,Salvador,SBSV,655.9,4,476
2020,2,GLO,Vitoria,SBVT,1099.9,2,1282
2020,2,GLO,Vitoria,SBVT,1164.9,2,1282
2020,2,GLO,Vitoria,SBVT,1188.9,1,1282
2020,2,GLO,Vitoria,SBVT,1699.9,3,1282
2020,2,GLO,Vitoria,SBVT,429.9,38,1282
2020,2,GLO,Vitoria,SBVT,494.9,5,1282
2020,2,GLO,Vitoria,SBVT,743.9,3,1282
2020,2,GLO,Vitoria,SBVT,764.9,6,1282
2020,2,GLO,Vitoria,SBVT,808.9,3,1282
2020,2,GLO,Vitoria,SBVT,829.9,2,1282
2020,2,GLO,Vitoria,SBVT,932.9,1,1282
2020,2,GLO,Vitoria,SBVT,951.9,2,1282
2020,2,GLO,Vitoria,SBVT,975.9,1,1282
2020,2,TAM,Belem,SBBE,1122.0,2,1682
2020,2,TAM,Belem,SBBE,1246.0,4,1682
2020,2,TAM,Belem,SBBE,1255.0,1,1682
2020,2,TAM,Belem,SBBE,1258.9,2,1682
2020,2,TAM,Belem,SBBE,1331.0,1,1682
2020,2,TAM,Belem,SBBE,1374.9,1,1682
2020,2,TAM,Belem,SBBE,2199.0,1,1682
2020,2,TAM,Belem,SBBE,395.0,4,1682
2020,2,TAM,Belem,SBBE,399.0,1,1682
2020,2,TAM,Belem,SBBE,399.01,4,1682
2020,2,TAM,Belem,SBBE,459.0,1,1682
2020,2,TAM,Belem,SBBE,464.0,1,1682
2020,2,TAM,Belem,SBBE,471.0,1,1682
2020,2,TAM,Belem,SBBE,519.99,1,1682
2020,2,TAM,Belem,SBBE,520.0,2,1682
2020,2,TAM,Belem,SBBE,520.01,1,1682
2020,2,TAM,Belem,SBBE,540.9,1,1682
2020,2,TAM,Belem,SBBE,540.91,1,1682
2020,2,TAM,Belem,SBBE,585.01,1,1682
2020,2,TAM,Belem,SBBE,680.0,1,1682
2020,2,TAM,Belem,SBBE,686.9,1,1682
2020,2,TAM,Belem,SBBE,768.0,1,1682
2020,2,TAM,Belem,SBBE,802.99,1,1682
2020,2,TAM,Belem,SBBE,803.0,1,1682
2020,2,TAM,Belem,SBBE,803.02,1,1682
2020,2,TAM,Belem,SBBE,880.9,2,1682
2020,2,TAM,Belem,SBBE,882.0,1,1682
2020,2,TAM,Belem,SBBE,882.01,1,1682
2020,2,TAM,Belem,SBBE,882.9,1,1682
2020,2,TAM,Boa Vista,SBBV,820.01,2,3092
2020,2,TAM,Campo Grande,SBCG,1062.0,1,2355
2020,2,TAM,Campo Grande,SBCG,1067.0,3,2355
2020,2,TAM,Campo Grande,SBCG,1085.0,1,2355
2020,2,TAM,Campo Grande,SBCG,1132.0,1,2355
2020,2,TAM,Campo Grande,SBCG,1237.0,5,2355
2020,2,TAM,Campo Grande,SBCG,1244.0,3,2355
2020,2,TAM,Campo Grande,SBCG,1245.0,2,2355
2020,2,TAM,Campo Grande,SBCG,1285.0,1,2355
2020,2,TAM,Campo Grande,SBCG,1316.9,1,2355
2020,2,TAM,Campo Grande,SBCG,1323.91,1,2355
2020,2,TAM,Campo Grande,SBCG,1343.0,1,2355
2020,2,TAM,Campo Grande,SBCG,1400.0,2,2355
2020,2,TAM,Campo Grande,SBCG,1452.0,1,2355
2020,2,TAM,Campo Grande,SBCG,1500.0,9,2355
2020,2,TAM,Campo Grande,SBCG,1575.0,1,2355
2020,2,TAM,Campo Grande,SBCG,1703.98,1,2355
2020,2,TAM,Campo Grande,SBCG,1704.0,1,2355
2020,2,TAM,Campo Grande,SBCG,1724.9,1,2355
2020,2,TAM,Campo Grande,SBCG,398.4,2,2355
2020,2,TAM,Campo Grande,SBCG,398.99,6,2355
2020,2,TAM,Campo Grande,SBCG,453.01,2,2355
2020,2,TAM,Campo Grande,SBCG,461.0,1,2355
2020,2,TAM,Campo Grande,SBCG,500.0,2,2355
2020,2,TAM,Campo Grande,SBCG,511.99,2,2355
2020,2,TAM,Campo Grande,SBCG,512.0,1,2355
2020,2,TAM,Campo Grande,SBCG,512.01,2,2355
2020,2,TAM,Campo Grande,SBCG,564.0,5,2355
2020,2,TAM,Campo Grande,SBCG,566.98,6,2355
2020,2,TAM,Campo Grande,SBCG,567.0,1,2355
2020,2,TAM,Campo Grande,SBCG,571.91,5,2355
2020,2,TAM,Campo Grande,SBCG,576.0,1,2355
2020,2,TAM,Campo Grande,SBCG,588.01,2,2355
2020,2,TAM,Campo Grande,SBCG,599.0,3,2355
2020,2,TAM,Campo Grande,SBCG,624.0,4,2355
2020,2,TAM,Campo Grande,SBCG,624.01,2,2355
2020,2,TAM,Campo Grande,SBCG,627.99,2,2355
2020,2,TAM,Campo Grande,SBCG,628.01,2,2355
2020,2,TAM,Campo Grande,SBCG,636.0,1,2355
2020,2,TAM,Campo Grande,SBCG,651.01,2,2355
2020,2,TAM,Campo Grande,SBCG,661.9,2,2355
2020,2,TAM,Campo Grande,SBCG,664.01,2,2355
2020,2,TAM,Campo Grande,SBCG,674.0,6,2355
2020,2,TAM,Campo Grande,SBCG,674.01,3,2355
2020,2,TAM,Campo Grande,SBCG,678.9,1,2355
2020,2,TAM,Campo Grande,SBCG,734.0,2,2355
2020,2,TAM,Campo Grande,SBCG,734.01,1,2355
2020,2,TAM,Campo Grande,SBCG,819.0,2,2355
2020,2,TAM,Campo Grande,SBCG,823.99,1,2355
2020,2,TAM,Campo Grande,SBCG,824.0,1,2355
2020,2,TAM,Campo Grande,SBCG,848.01,1,2355
2020,2,TAM,Campo Grande,SBCG,849.0,3,2355
2020,2,TAM,Campo Grande,SBCG,871.98,1,2355
2020,2,TAM,Campo Grande,SBCG,872.0,1,2355
2020,2,TAM,Campo Grande,SBCG,899.0,1,2355
2020,2,TAM,Campo Grande,SBCG,914.0,1,2355
2020,2,TAM,Campo Grande,SBCG,914.01,2,2355
2020,2,TAM,Campo Grande,SBCG,937.01,1,2355
2020,2,TAM,Campo Grande,SBCG,997.0,8,2355
2020,2,TAM,Campo Grande,SBCG,997.06,1,2355
2020,2,TAM,Cuiaba,SBCY,1028.9,1,2304
2020,2,TAM,Cuiaba,SBCY,1069.9,3,2304
2020,2,TAM,Cuiaba,SBCY,1071.0,1,2304
2020,2,TAM,Cuiaba,SBCY,1136.9,2,2304
2020,2,TAM,Cuiaba,SBCY,1166.9,3,2304
2020,2,TAM,Cuiaba,SBCY,1200.0,2,2304
2020,2,TAM,Cuiaba,SBCY,1241.9,3,2304
2020,2,TAM,Cuiaba,SBCY,1289.91,1,2304
2020,2,TAM,Cuiaba,SBCY,1369.0,3,2304
2020,2,TAM,Cuiaba,SBCY,1452.9,2,2304
2020,2,TAM,Cuiaba,SBCY,1695.91,1,2304
2020,2,TAM,Cuiaba,SBCY,1986.9,1,2304
2020,2,TAM,Cuiaba,SBCY,2131.9,1,2304
2020,2,TAM,Cuiaba,SBCY,419.0,2,2304
2020,2,TAM,Cuiaba,SBCY,539.0,4,2304
2020,2,TAM,Cuiaba,SBCY,564.98,2,2304
2020,2,TAM,Cuiaba,SBCY,564.99,1,2304
2020,2,TAM,Cuiaba,SBCY,565.0,7,2304
2020,2,TAM,Cuiaba,SBCY,599.0,3,2304
2020,2,TAM,Cuiaba,SBCY,625.0,1,2304
2020,2,TAM,Cuiaba,SBCY,673.99,2,2304
2020,2,TAM,Cuiaba,SBCY,674.0,2,2304
2020,2,TAM,Cuiaba,SBCY,674.01,2,2304
2020,2,TAM,Cuiaba,SBCY,674.02,1,2304
2020,2,TAM,Cuiaba,SBCY,897.0,1,2304
2020,2,TAM,Cuiaba,SBCY,963.89,1,2304
2020,2,TAM,Fortaleza,SBFZ,1051.99,1,731
2020,2,TAM,Fortaleza,SBFZ,1331.9,1,731
2020,2,TAM,Fortaleza,SBFZ,1416.9,2,731
2020,2,TAM,Fortaleza,SBFZ,1501.9,3,731
2020,2,TAM,Fortaleza,SBFZ,2199.0,1,731
2020,2,TAM,Fortaleza,SBFZ,457.9,1,731
2020,2,TAM,Fortaleza,SBFZ,509.9,1,731
2020,2,TAM,Fortaleza,SBFZ,558.0,2,731
2020,2,TAM,Fortaleza,SBFZ,569.9,1,731
2020,2,TAM,Fortaleza,SBFZ,611.9,1,731
2020,2,TAM,Fortaleza,SBFZ,651.0,2,731
2020,2,TAM,Fortaleza,SBFZ,804.99,1,731
2020,2,TAM,Fortaleza,SBFZ,805.0,3,731
2020,2,TAM,Fortaleza,SBFZ,814.0,1,731
2020,2,TAM,Fortaleza,SBFZ,919.0,2,731
2020,2,TAM,Fortaleza,SBFZ,924.9,1,731
2020,2,TAM,Fortaleza,SBFZ,999.9,1,731
2020,2,TAM,Porto Alegre,SBPA,1023.0,2,2778
2020,2,TAM,Porto Alegre,SBPA,1044.9,1,2778
2020,2,TAM,Porto Alegre,SBPA,1086.0,2,2778
2020,2,TAM,Porto Alegre,SBPA,1088.01,1,2778
2020,2,TAM,Porto Alegre,SBPA,1092.9,2,2778
2020,2,TAM,Porto Alegre,SBPA,1093.0,1,2778
2020,2,TAM,Porto Alegre,SBPA,1151.0,6,2778
2020,2,TAM,Porto Alegre,SBPA,1239.9,2,2778
2020,2,TAM,Porto Alegre,SBPA,1269.0,1,2778
2020,2,TAM,Porto Alegre,SBPA,1269.03,2,2778
2020,2,TAM,Porto Alegre,SBPA,1312.9,1,2778
2020,2,TAM,Porto Alegre,SBPA,1372.9,1,2778
2020,2,TAM,Porto Alegre,SBPA,1404.9,2,2778
2020,2,TAM,Porto Alegre,SBPA,1447.9,1,2778
2020,2,TAM,Porto Alegre,SBPA,147.5,2,2778
2020,2,TAM,Porto Alegre,SBPA,1480.0,1,2778
2020,2,TAM,Porto Alegre,SBPA,153.0,2,2778
2020,2,TAM,Porto Alegre,SBPA,1532.9,3,2778
2020,2,TAM,Porto Alegre,SBPA,1555.0,1,2778
2020,2,TAM,Porto Alegre,SBPA,1640.01,1,2778
2020,2,TAM,Porto Alegre,SBPA,1648.0,3,2778
2020,2,TAM,Porto Alegre,SBPA,1651.0,1,2778
2020,2,TAM,Porto Alegre,SBPA,1793.9,2,2778
2020,2,TAM,Porto Alegre,SBPA,1800.0,5,2778
2020,2,TAM,Porto Alegre,SBPA,1800.01,1,2778
2020,2,TAM,Porto Alegre,SBPA,1800.02,2,2778
2020,2,TAM,Porto Alegre,SBPA,1807.9,2,2778
2020,2,TAM,Porto Alegre,SBPA,1868.9,4,2778
2020,2,TAM,Porto Alegre,SBPA,1882.9,1,2778
2020,2,TAM,Porto Alegre,SBPA,2199.0,2,2778
2020,2,TAM,Porto Alegre,SBPA,293.5,1,2778
2020,2,TAM,Porto Alegre,SBPA,448.99,4,2778
2020,2,TAM,Porto Alegre,SBPA,450.0,6,2778
2020,2,TAM,Porto Alegre,SBPA,463.99,2,2778
2020,2,TAM,Porto Alegre,SBPA,464.0,19,2778
2020,2,TAM,Porto Alegre,SBPA,464.01,1,2778
2020,2,TAM,Porto Alegre,SBPA,468.99,2,2778
2020,2,TAM,Porto Alegre,SBPA,469.0,12,2778
2020,2,TAM,Porto Alegre,SBPA,469.01,7,2778
2020,2,TAM,Porto Alegre,SBPA,469.02,1,2778
2020,2,TAM,Porto Alegre,SBPA,469.03,2,2778
2020,2,TAM,Porto Alegre,SBPA,489.01,7,2778
2020,2,TAM,Porto Alegre,SBPA,489.03,2,2778
2020,2,TAM,Porto Alegre,SBPA,494.0,6,2778
2020,2,TAM,Porto Alegre,SBPA,494.9,4,2778
2020,2,TAM,Porto Alegre,SBPA,508.99,2,2778
2020,2,TAM,Porto Alegre,SBPA,510.01,1,2778
2020,2,TAM,Porto Alegre,SBPA,519.0,2,2778
2020,2,TAM,Porto Alegre,SBPA,524.0,7,2778
2020,2,TAM,Porto Alegre,SBPA,524.01,4,2778
2020,2,TAM,Porto Alegre,SBPA,534.01,4,2778
2020,2,TAM,Porto Alegre,SBPA,536.92,2,2778
2020,2,TAM,Porto Alegre,SBPA,549.0,9,2778
2020,2,TAM,Porto Alegre,SBPA,559.0,1,2778
2020,2,TAM,Porto Alegre,SBPA,564.0,7,2778
2020,2,TAM,Porto Alegre,SBPA,568.99,4,2778
2020,2,TAM,Porto Alegre,SBPA,569.0,4,2778
2020,2,TAM,Porto Alegre,SBPA,574.0,2,2778
2020,2,TAM,Porto Alegre,SBPA,575.98,2,2778
2020,2,TAM,Porto Alegre,SBPA,575.99,4,2778
2020,2,TAM,Porto Alegre,SBPA,576.0,7,2778
2020,2,TAM,Porto Alegre,SBPA,576.01,2,2778
2020,2,TAM,Porto Alegre,SBPA,589.0,5,2778
2020,2,TAM,Porto Alegre,SBPA,629.0,2,2778
2020,2,TAM,Porto Alegre,SBPA,633.99,2,2778
2020,2,TAM,Porto Alegre,SBPA,634.0,1,2778
2020,2,TAM,Porto Alegre,SBPA,635.99,3,2778
2020,2,TAM,Porto Alegre,SBPA,636.0,11,2778
2020,2,TAM,Porto Alegre,SBPA,698.99,2,2778
2020,2,TAM,Porto Alegre,SBPA,725.9,1,2778
2020,2,TAM,Porto Alegre,SBPA,726.01,1,2778
2020,2,TAM,Porto Alegre,SBPA,780.89,2,2778
2020,2,TAM,Porto Alegre,SBPA,787.0,3,2778
2020,2,TAM,Porto Alegre,SBPA,792.0,1,2778
2020,2,TAM,Porto Alegre,SBPA,812.9,2,2778
2020,2,TAM,Porto Alegre,SBPA,812.92,1,2778
2020,2,TAM,Porto Alegre,SBPA,812.99,1,2778
2020,2,TAM,Porto Alegre,SBPA,813.0,2,2778
2020,2,TAM,Porto Alegre,SBPA,877.0,1,2778
2020,2,TAM,Porto Alegre,SBPA,877.9,3,2778
2020,2,TAM,Porto Alegre,SBPA,877.91,3,2778
2020,2,TAM,Porto Alegre,SBPA,878.0,1,2778
2020,2,TAM,Porto Alegre,SBPA,893.0,1,2778
2020,2,TAM,Porto Alegre,SBPA,898.99,2,2778
2020,2,TAM,Porto Alegre,SBPA,909.9,1,2778
2020,2,TAM,Porto Alegre,SBPA,910.0,1,2778
2020,2,TAM,Porto Alegre,SBPA,974.89,2,2778
2020,2,TAM,Sao Paulo,SBSP,1033.9,3,1933
2020,2,TAM,Sao Paulo,SBSP,1059.9,5,1933
2020,2,TAM,Sao Paulo,SBSP,1090.9,1,1933
2020,2,TAM,Sao Paulo,SBSP,1169.76,2,1933
2020,2,TAM,Sao Paulo,SBSP,1198.89,2,1933
2020,2,TAM,Sao Paulo,SBSP,1245.0,2,1933
2020,2,TAM,Sao Paulo,SBSP,1499.0,1,1933
2020,2,TAM,Sao Paulo,SBSP,1505.9,2,1933
2020,2,TAM,Sao Paulo,SBSP,1574.0,1,1933
2020,2,TAM,Sao Paulo,SBSP,1722.9,2,1933
2020,2,TAM,Sao Paulo,SBSP,1790.9,1,1933
2020,2,TAM,Sao Paulo,SBSP,1797.9,2,1933
2020,2,TAM,Sao Paulo,SBSP,1799.99,2,1933
2020,2,TAM,Sao Paulo,SBSP,1808.0,2,1933
2020,2,TAM,Sao Paulo,SBSP,2083.9,1,1933
2020,2,TAM,Sao Paulo,SBSP,2199.0,1,1933
2020,2,TAM,Sao Paulo,SBSP,342.53,1,1933
2020,2,TAM,Sao Paulo,SBSP,400.0,37,1933
2020,2,TAM,Sao Paulo,SBSP,465.0,17,1933
2020,2,TAM,Sao Paulo,SBSP,539.0,1,1933
2020,2,TAM,Sao Paulo,SBSP,549.0,6,1933
2020,2,TAM,Sao Paulo,SBSP,565.86,1,1933
2020,2,TAM,Sao Paulo,SBSP,565.9,70,1933
2020,2,TAM,Sao Paulo,SBSP,604.0,4,1933
2020,2,TAM,Sao Paulo,SBSP,619.0,11,1933
2020,2,TAM,Sao Paulo,SBSP,625.0,4,1933
2020,2,TAM,Sao Paulo,SBSP,630.89,1,1933
2020,2,TAM,Sao Paulo,SBSP,630.9,19,1933
2020,2,TAM,Sao Paulo,SBSP,630.91,9,1933
2020,2,TAM,Sao Paulo,SBSP,669.0,1,1933
2020,2,TAM,Sao Paulo,SBSP,700.89,2,1933
2020,2,TAM,Sao Paulo,SBSP,700.9,4,1933
2020,2,TAM,Sao Paulo,SBSP,755.9,11,1933
2020,2,TAM,Sao Paulo,SBSP,768.0,2,1933
2020,2,TAM,Sao Paulo,SBSP,768.9,1,1933
2020,2,TAM,Sao Paulo,SBSP,825.88,1,1933
2020,2,TAM,Sao Paulo,SBSP,825.9,2,1933
2020,2,TAM,Sao Paulo,SBSP,838.9,1,1933
2020,2,TAM,Sao Paulo,SBSP,882.89,3,1933
2020,2,TAM,Sao Paulo,SBSP,900.9,2,1933
2020,2,TAM,Sao Paulo,SBSP,928.9,1,1933
2020,2,TAM,Sao Paulo,SBSP,949.0,1,1933
2020,2,TAM,Sao Paulo,SBSP,952.9,4,1933
2020,2,TAM,Sao Paulo,SBSP,963.9,1,1933
2020,2,TAM,Sao Paulo,SBSP,992.0,3,1933
2020,2,TAM,Vitoria,SBVT,1019.9,2,1282
2020,2,TAM,Vitoria,SBVT,1019.91,3,1282
2020,2,TAM,Vitoria,SBVT,1019.92,2,1282
2020,2,TAM,Vitoria,SBVT,1027.9,1,1282
2020,2,TAM,Vitoria,SBVT,1079.0,1,1282
2020,2,TAM,Vitoria,SBVT,1099.9,2,1282
2020,2,TAM,Vitoria,SBVT,1200.9,2,1282
2020,2,TAM,Vitoria,SBVT,1244.0,1,1282
2020,2,TAM,Vitoria,SBVT,1292.89,1,1282
2020,2,TAM,Vitoria,SBVT,1363.91,1,1282
2020,2,TAM,Vitoria,SBVT,1599.0,1,1282
2020,2,TAM,Vitoria,SBVT,1800.01,1,1282
2020,2,TAM,Vitoria,SBVT,430.0,3,1282
2020,2,TAM,Vitoria,SBVT,539.0,3,1282
2020,2,TAM,Vitoria,SBVT,564.0,2,1282
2020,2,TAM,Vitoria,SBVT,564.01,7,1282
2020,2,TAM,Vitoria,SBVT,582.99,2,1282
2020,2,TAM,Vitoria,SBVT,583.0,4,1282
2020,2,TAM,Vitoria,SBVT,583.01,1,1282
2020,2,TAM,Vitoria,SBVT,592.0,1,1282
2020,2,TAM,Vitoria,SBVT,598.99,1,1282
2020,2,TAM,Vitoria,SBVT,599.0,2,1282
2020,2,TAM,Vitoria,SBVT,614.0,1,1282
2020,2,TAM,Vitoria,SBVT,648.0,1,1282
2020,2,TAM,Vitoria,SBVT,672.0,2,1282
2020,2,TAM,Vitoria,SBVT,716.01,2,1282
2020,2,TAM,Vitoria,SBVT,742.0,7,1282
2020,2,TAM,Vitoria,SBVT,770.99,2,1282
2020,2,TAM,Vitoria,SBVT,971.89,2,1282
2020,2,TAM,Vitoria,SBVT,971.9,1,1282
2020,2,TAM,Vitoria,SBVT,975.9,2,1282
2020,2,TAM,Vitoria,SBVT,981.9,1,1282
